4.778088385735904664e-01,5.825276811380474262e-01,-7.250110149967785578e-01
7.838784934396083592e-01,3.799585598681365362e-01,-8.809524492548972407e-01
4.111239752111071066e-01,6.783476559785565074e-01,-7.187290274812259128e-01
9.080081585823895907e-02,1.195824005715682148e-01,-1.425367978595709628e-01
6.769466473290061126e-01,5.061253035110094833e-01,-8.561524784998542081e-01
6.751768740105106303e-01,2.046052822247453884e-01,-6.930643594407981389e-01
6.065194265048666766e-01,9.539853422127690941e-01,-1.035264842587674483e+00
6.288518034106630461e-01,5.928255309729513201e-03,-5.465798906099214038e-01
9.749986137407453679e-01,1.444993515078862867e-01,-9.199406991201423134e-01
4.189348803734040949e-01,5.960586798393932018e-01,-6.813869542669606094e-01
6.988782364473309361e-01,2.941230035164539292e-01,-7.615100815890403219e-01
7.075245927258294598e-01,8.979377934376737702e-01,-1.092514337177090011e+00
1.773730706464571316e-02,8.842602241476779090e-01,-4.891266798698832852e-01
1.803704325825081778e-01,6.225686968534331900e-01,-4.894430878302677979e-01
7.519661214438205787e-01,8.983203811903166525e-01,-1.131122148808769490e+00
7.142408685042822558e-01,4.856599929593377052e-01,-8.774135506597455780e-01
2.768141777036423612e-01,4.075769516681193583e-02,-2.610392452525064910e-01
5.487815304977485820e-01,5.131623828623529393e-01,-7.491730024133818056e-01
1.438340996968080487e-01,3.802462672757869200e-01,-3.280314204787130317e-01
6.233692747273782420e-01,8.917447098085281576e-01,-1.016475696009820240e+00
2.818872673970218568e-02,8.716694009149422717e-01,-4.914116144325161306e-01
4.534882927217880333e-01,3.026084463138333236e-01,-5.540103377398870599e-01
1.578776005589729303e-01,8.437812678495717478e-01,-5.885355009547201810e-01
5.301963023655780205e-01,8.185715759783201984e-01,-8.967558317776745946e-01
3.496121102421235749e-01,5.313031079826423531e-01,-5.867867801235355785e-01
3.715589065948826653e-01,7.113039979348010355e-01,-7.021985472420351204e-01
5.645038869888266975e-01,6.326534733298834201e-01,-8.267840737382023963e-01
2.922144754989202120e-01,7.963219310035110077e-01,-6.791892821248215473e-01
9.463964147413467254e-01,8.292240119134455245e-01,-1.262110419638957426e+00
5.358331020053049842e-01,8.718155266109612889e-01,-9.301555881552064919e-01
4.327759544386430290e-01,5.118829005456304593e-01,-6.482446942084191255e-01
3.398875602226869574e-01,7.900153236910241183e-01,-7.170053778388132404e-01
3.598412216639675920e-01,3.032403591701484658e-01,-4.734266151475736706e-01
5.336179975764397954e-01,5.413565589850812820e-01,-7.511767402863259724e-01
7.656235574270597866e-02,9.532790603741673197e-01,-5.769398817320198214e-01
3.351432486014631618e-01,9.979199007292656187e-01,-8.243040259639649037e-01
7.133825150073911381e-01,5.186898807197066752e-01,-8.943697255199403173e-01
1.318135998150504751e-02,5.330429191675312151e-01,-2.970024432194459107e-01
1.711044171236187905e-01,8.852057024510525673e-01,-6.221608740797778259e-01
7.766622957067274013e-01,4.456890150458274746e-01,-9.099361241822419011e-01
4.187885226184285825e-01,2.773877209152998402e-01,-5.105119387436610756e-01
2.006399586728820905e-01,3.185754197242021135e-01,-3.440743625082062218e-01
5.890511481371218938e-02,8.950466037091263649e-01,-5.304801069102051958e-01
8.913556494535335162e-01,3.824711839733518914e-02,-7.907316422715232607e-01
5.007010355954014669e-01,5.296110223532167760e-01,-7.164391040750047734e-01
5.099865175822307917e-01,3.808422232957341391e-01,-6.447503840906243511e-01
1.345266099270781002e-02,3.017237614195605877e-01,-1.732927033470593459e-01
1.671738111954865769e-01,1.826506545398317582e-01,-2.423251233646093183e-01
5.681485118741022022e-01,3.942545513179431804e-01,-7.021958497342197791e-01
5.183626554714861889e-01,7.869448057362877780e-01,-8.695840558610037352e-01
7.148537646803151402e-01,6.768599265516530572e-01,-9.803908779453324174e-01
6.139091425763610888e-01,2.508867234985387995e-01,-6.649199558028341395e-01
3.653412819555872382e-01,2.713771937737498030e-01,-4.611065789938899040e-01
1.373352335958097914e-01,8.784206961299422245e-01,-5.893447405990505095e-01
9.025508401429765959e-01,2.673822301608584917e-01,-9.231795637276376532e-01
1.141357342929869567e-01,3.475854743763848731e-01,-2.848683388913424430e-01
2.495065697985606734e-01,9.956812652792091933e-01,-7.491041622161291880e-01
8.281147051948986038e-01,3.599091064160369058e-01,-9.084350568824218763e-01
8.956156909802878152e-01,8.447279860400003226e-02,-8.191812227794512680e-01
9.555923965886530258e-01,3.685805289172248145e-01,-1.023237359138278180e+00
5.831028086175230607e-01,5.629515984596000777e-01,-8.055084940695655948e-01
5.347670089120318826e-01,3.534869749175167941e-01,-6.515063624084557192e-01
5.793213742743567041e-01,1.783262678056218853e-01,-5.961530222748737673e-01
9.628243068204822563e-02,5.904997429533491715e-01,-3.995979473850471697e-01
5.837333637919631668e-01,3.025211088381188906e-01,-6.665109169636942443e-01
1.004825584082275070e-01,1.445232689568207718e-01,-1.642666664391216058e-01
7.504321429035843982e-01,4.243087208266115296e-01,-8.758142502247190375e-01
3.809978688408935943e-01,7.975476340710159207e-01,-7.565655410280134330e-01
8.934302602318999753e-02,3.040382152000600247e-01,-2.401112066226026853e-01
9.625538882577507893e-01,3.521741006783758454e-01,-1.020462120195751332e+00
9.925009515876801469e-01,9.921949072327529429e-02,-9.108032105622307917e-01
6.218745464241997034e-01,9.230759768513754349e-01,-1.031971820907315429e+00
7.578663201787658732e-01,6.851173712092222257e-01,-1.021983348298966643e+00
5.702051873987703523e-01,9.134526111219523070e-01,-9.821669527303045211e-01
2.107729336234456241e-01,8.774015291519768889e-01,-6.522576443017914505e-01
9.257585311302495290e-01,7.416892789397488972e-02,-8.397072908715115247e-01
6.734577214101336029e-01,3.394075826320130940e-02,-6.001342656221650973e-01
3.359066378762211036e-01,5.578409066125492588e-01,-5.891629461361371778e-01
3.847306524097815483e-02,9.347751659220775444e-01,-5.341115061644036155e-01
2.288225189650586744e-01,3.723749969506285895e-01,-3.972540752920734053e-01
2.052369077566569278e-01,3.638158753522084954e-01,-3.722871738972733380e-01
2.328554256388760679e-01,3.440693456853957111e-01,-3.855724102237765294e-01
1.591975372859562032e-01,7.149696775528029402e-01,-5.206569570457610929e-01
1.645919338772150464e-01,4.778204600882841602e-01,-3.982503557495640778e-01
8.002610155289818783e-01,9.686062332192602042e-04,-6.920405734328461955e-01
2.418068743790308117e-01,3.765095258544336465e-01,-4.106894578541844809e-01
9.666128883374273117e-01,3.369829115013276422e-01,-1.015829922910325589e+00
3.313448680777693056e-01,2.219989834752859048e-01,-4.052720316692437486e-01
2.264429286489192394e-01,7.957625427353346437e-01,-6.220550420958366189e-01
1.069850871506575762e-01,9.960676240251068458e-01,-6.261555096939735998e-01
3.057400602698628900e-01,3.566841985629950473e-01,-4.553127056072964196e-01
7.858424659810414603e-01,6.437478621146075497e-03,-6.825115173742465347e-01
5.626523568411511134e-01,5.783972601598360574e-01,-7.961128595598085944e-01
8.703373094771499341e-01,4.543698166561932483e-01,-9.955338807891955799e-01
3.202645320306515275e-01,9.928820072204453950e-01,-8.087476520416463366e-01
4.885320896843480254e-01,8.235584070147340396e-01,-8.634249674422616039e-01
7.829496466024447043e-01,8.680455644501151591e-01,-1.141673945676775492e+00
3.620286110710909666e-01,1.421339411917534878e-01,-3.889936150696966521e-01
4.687021757363316610e-01,5.077299148745744173e-01,-6.770640317058527202e-01
4.018741986086781237e-01,2.808756495127165964e-01,-4.977648154014276960e-01
1.265103664712935450e-01,3.589234766007768362e-01,-3.016365733927554582e-01
6.025717448515488517e-01,3.201278406181495839e-01,-6.922234830728311028e-01
9.136998491141457013e-02,6.486873997986470908e-01,-4.265307992552288541e-01
2.497061245342203639e-01,2.622537759792492595e-01,-3.562954619916580690e-01
7.392309845947149238e-01,6.521783625261081685e-01,-9.882309804006355058e-01
2.560008767898387383e-01,1.494951941519598870e-01,-3.013171918046110287e-01
2.421697972531123844e-01,4.611494797324873218e-01,-4.563543878127048203e-01
7.291348720718682230e-01,6.566558352926501474e-01,-9.819058224253831568e-01
7.873494541192220808e-01,6.739022533994083464e-01,-1.041451091556687469e+00
3.814400167591308621e-01,5.448445940020542055e-01,-6.215456375448611404e-01
5.711549653916834224e-01,1.387342544656630094e-01,-5.678822868561930193e-01
8.402248904987862366e-01,7.780235332237482870e-01,-1.142931515151936805e+00
4.665509932734149823e-01,2.889436554787495615e-01,-5.579762849400188296e-01
2.842971849787795380e-01,9.612331095826431859e-01,-7.607096060178494268e-01
8.609299199600234376e-01,5.275795289323290671e-01,-1.026631597959779096e+00
1.547085607435321197e-01,2.005521594913157735e-01,-2.411455379474555794e-01
8.781456815043995334e-01,2.584529387201041084e-01,-8.973061325781115372e-01
4.049709970362380673e-02,5.663365521704595285e-01,-3.384457351613638920e-01
1.551376400882490403e-01,8.567258294916398897e-01,-5.931037310178207678e-01
8.724252316916950578e-01,1.574518988490969384e-02,-7.623166276402597585e-01
7.725017971939581729e-01,8.475336012748768688e-02,-7.129463690108711615e-01
1.282795765971633806e-02,6.205677000277545208e-01,-3.435941145689689336e-01
4.539865275825405444e-02,6.069430553668031525e-02,-7.175077920888646432e-02
9.214137427072296438e-01,6.145377648361795009e-01,-1.125490371573827808e+00
4.549948612237565415e-01,9.264462872889338563e-01,-8.895736022526156139e-01
5.552678962651570460e-01,8.127019768163596947e-01,-9.152756816921492344e-01
7.814964738966880820e-01,5.441671705389957703e-01,-9.668794655955051942e-01
9.988061360299538283e-01,1.016339648974218246e-02,-8.685340933854657219e-01
3.472029510887482129e-01,4.598889731228203992e-01,-5.464402430054529081e-01
9.000928159317383992e-01,9.626485988484954071e-01,-1.293589390546044493e+00
9.646798561429339447e-01,1.417919764377398861e-01,-9.095734028741573329e-01
7.168855224508896562e-01,8.989727288664790539e-01,-1.101157837626230318e+00
7.487069733838558339e-02,9.826039091356322253e-01,-5.911907672213594367e-01
8.264364826119143803e-01,1.987470175106830217e-01,-8.206318747260484825e-01
7.266818928221878693e-01,8.861184423197053794e-01,-1.102735563474835923e+00
4.181059279107678384e-01,6.856183713839700822e-01,-7.286580280164103307e-01
9.313911162763990337e-01,2.616848331084291601e-01,-9.450482758820505369e-01
8.643120129955940145e-01,4.727564275123213866e-01,-1.000179115464056689e+00
4.830290033189718057e-01,6.013972221008661023e-01,-7.396324390582029729e-01
6.546801710761405158e-01,5.084459185797091108e-01,-8.381549895477251599e-01
8.834812649629595338e-01,2.582440613579001232e-01,-9.018047976300379576e-01
2.553302593094711748e-01,9.086616285620340294e-01,-7.075101392418126078e-01
1.888362941894949909e-02,2.602604956301362016e-01,-1.557690898028499249e-01
4.283547735355037744e-01,6.750173957079771414e-01,-7.318341036083811924e-01
4.427102855336053633e-01,2.484386934202531538e-02,-3.958665366080087455e-01
9.010766399890421940e-01,8.797463776423022352e-01,-1.250019314094041434e+00
6.221422824393328943e-01,6.417863228037287149e-01,-8.814840801450463115e-01
4.914778222036320088e-02,3.635026353985748582e-02,-6.194658455714874279e-02
6.900197372648128047e-01,8.501611176273023984e-01,-1.051788601480998508e+00
1.504673958115140264e-01,6.265902338757014522e-01,-4.657580726799754878e-01
7.525978601547653746e-01,9.625383462137488966e-01,-1.166076968612193010e+00
6.864789365163262991e-01,2.244358112625832735e-01,-7.134561846515707906e-01
4.762570784474422503e-01,2.039978486308638983e-01,-5.208483061310900109e-01
1.010024308944439397e-01,8.829753519022178754e-01,-5.603892886582625410e-01
1.260242394689833345e-01,7.163687393864106578e-01,-4.927408833600556703e-01
5.985209067166019636e-02,3.976031602526216568e-01,-2.647609598066796854e-01
1.229154618025330992e-01,7.335201687103813928e-01,-4.992445121183180512e-01
8.702553848730614217e-01,7.125889923654160629e-02,-7.901866741807735961e-01
3.916724097205139810e-01,5.118513420543701065e-01,-6.127093880364655742e-01
6.467565315087020483e-01,4.936922752342409737e-01,-8.234027966553228994e-01
4.543534950365828440e-01,6.347361820083476935e-01,-7.327168583968053373e-01
7.316747489316632880e-01,3.228318071979064952e-01,-8.052328007244151653e-01
3.282698603163517470e-01,9.019523412915932958e-01,-7.669437762052687679e-01
5.664236233136349385e-01,3.477043189215669461e-01,-6.757630459128138867e-01
4.307475336660399057e-01,3.750841156680452260e-01,-5.731931122050941685e-01
3.835880393325926674e-01,5.017381636002520295e-01,-6.003047331510449336e-01
8.166919336447728828e-01,2.344786441105376484e-01,-8.313569410600318843e-01
5.382671002208658795e-01,3.200091177345368854e-01,-6.365929375834256110e-01
8.241236024913496383e-01,2.032471184314408319e-01,-8.210444883340797251e-01
6.360439926833496571e-01,6.867548714851848812e-01,-9.175916304071009000e-01
2.633807099617376801e-01,8.741329564330906354e-01,-6.959657291458143380e-01
5.065126749333227485e-01,1.754471648167117426e-01,-5.316949007992437526e-01
5.601074721244063692e-01,1.311700665265883581e-01,-5.542829243851290499e-01
7.905495930321342346e-01,8.994308002108875044e-01,-1.165057878486511544e+00
1.592174531110523983e-01,9.448958620833874944e-01,-6.438719678677853331e-01
9.972113742565827943e-01,1.073907631234050086e-03,-8.622857471573193155e-01
4.463322640994092927e-01,6.505967942278659821e-01,-7.342838992223118533e-01
5.569341269915341064e-01,8.177324002944073023e-01,-9.194108792775160799e-01
9.540649424138375467e-01,4.098587249458648385e-01,-1.044034914494903932e+00
5.813029788801526987e-02,4.334403294813606866e-01,-2.824752018072734794e-01
8.767816133135142298e-01,4.212257526546390185e-01,-9.833434602609113506e-01
6.850792771872202813e-01,5.718364356902010393e-01,-8.983890293823511008e-01
3.845818028843648317e-01,8.929226777926846381e-03,-3.371092524401730905e-01
9.519980874445340691e-01,6.957249889288623645e-01,-1.195420214829680861e+00
6.526681212611061822e-01,2.740253903514078271e-02,-5.786662823609838302e-01
7.807541147635864709e-01,2.039397295836243851e-01,-7.839391560505731826e-01
2.294124510017260254e-01,4.634792809591981033e-01,-4.465788507273992236e-01
4.259362958817813904e-02,5.479442832690479825e-01,-3.304025428776303230e-01
3.044466246174827306e-01,6.933402204565635163e-01,-6.345802256908263939e-01
5.580204971516510293e-01,9.843740995295282570e-01,-1.009638684982516965e+00
1.348782197178827191e-01,8.376717746545410126e-01,-5.653877195730936389e-01
6.995068809445068592e-01,9.969124825037489757e-01,-1.138618152850827681e+00
7.487803697825631266e-01,2.766132567990812197e-01,-7.952495374823715935e-01
1.213165250295832331e-01,6.764460757454388018e-01,-4.672817078682522940e-01
4.046635223354897448e-01,3.659322558933727487e-01,-5.457496954440506087e-01
4.727727183880816586e-01,2.333478708075353847e-01,-5.335635704788399547e-01
6.626832972931521182e-01,1.321222553184564497e-03,-5.733458471244992083e-01
5.910121163507719988e-01,5.824214824987696826e-01,-8.227753330461566872e-01
7.715632100774036939e-01,9.290018102962018798e-01,-1.164495942745171986e+00
9.059512846279194065e-01,2.822355193794675587e-01,-9.340765648194313542e-01
7.835183549286960369e-01,7.435006354017112962e-01,-1.075432389542008371e+00
7.622685771966183355e-01,4.676529027209228584e-01,-9.092667947491815950e-01
3.389616305636001803e-01,8.379649095729466701e-01,-7.418973505115119549e-01
5.689348487737776461e-01,3.031980724235957547e-01,-6.540859505431155796e-01
8.869917952682537798e-02,1.000543403120228714e-01,-1.302573124554122774e-01
2.601322138556979580e-01,7.752368615992882850e-01,-6.401686694062920235e-01
3.763930437391138639e-01,3.160559714946983290e-01,-4.945961681761544826e-01
5.198577817087424169e-02,5.608158975617862918e-01,-3.454152852382486039e-01
8.875242394962109538e-01,6.885526648756119528e-01,-1.135864035040280218e+00
7.883715846248220416e-01,6.043131864330253400e-03,-6.844856827353625883e-01
1.236016086692265370e-01,8.995735207242003817e-01,-5.888112318381896193e-01
4.732851960624971932e-01,8.659485765108170252e-01,-8.729630918387489835e-01
4.152589917078762793e-01,6.253042057915703111e-01,-6.938807243077862452e-01
1.427074097490299565e-02,1.222958892986681922e-01,-7.785955336558961215e-02
5.467022711794023992e-01,7.371478582626024290e-01,-8.673909553822537477e-01
2.803435009951686929e-01,3.279804692312967562e-01,-4.179871532399394018e-01
8.254044566928631088e-02,5.796934085182110508e-01,-3.819330312500133773e-01
8.849034320049213864e-01,7.312408773146016339e-01,-1.156472309231808104e+00
6.465602551410534193e-01,1.166780076652150777e-01,-6.212234502534247360e-01
5.293597992303928912e-01,4.914360903054081353e-01,-7.207490309873761936e-01
2.885996904009560104e-01,9.406757386214428251e-01,-7.534125481591761320e-01
7.820847714667364947e-01,1.653086143677646724e-01,-7.643898885393133336e-01
6.240537458182077168e-01,7.309154486327685829e-01,-9.308924987523701233e-01
8.762389415406579563e-01,2.286658301747557243e-01,-8.796981134197014995e-01
5.129720193409754714e-01,7.652952565268008600e-01,-8.533257551186145262e-01
8.640104798560290789e-01,7.858345584011292573e-01,-1.167670380705632782e+00
3.911949881611226365e-01,5.235368142204597230e-01,-6.185580848181049252e-01
9.184622243858111545e-01,3.381583383682071897e-01,-9.748517801385595538e-01
1.866100974029404336e-01,3.329543749813594911e-01,-3.396553320575348422e-01
6.381453031524595421e-01,3.726527539569189917e-01,-7.511069218546289061e-01
9.890710066575461035e-01,9.402703384386806862e-01,-1.358486630081156887e+00
2.789220423690585982e-02,7.265398936048232947e-01,-4.133928779189891545e-01
8.030626995612402119e-01,3.076109251937234612e-01,-8.587649889766265643e-01
7.053977599176527447e-01,1.854555077086922354e-01,-7.089181042352576956e-01
1.832272334867031116e-01,9.510001849398257434e-01,-6.678900853920226588e-01
9.052421668213550543e-02,3.393096918812746887e-01,-2.600308684766489131e-01
4.445769014229818961e-01,8.262993991633609259e-01,-8.269110719865437886e-01
1.462944441537117335e-01,4.834873076419352600e-01,-3.854755077340268343e-01
4.798150676034248496e-01,5.545692861041243704e-01,-7.117641221138226726e-01
8.731177469198083685e-01,1.692097032653772093e-02,-7.635450442255348191e-01
3.596450092277658772e-01,7.184001972271449876e-01,-6.957057567999552772e-01
3.072744647797586159e-01,8.429927741366957106e-01,-7.172098386940515269e-01
2.421959311839306794e-01,9.467537936295967738e-01,-7.165708403956814188e-01
8.164405970171592086e-01,5.811311323669745565e-01,-1.016881212182997318e+00
3.888180660302353875e-02,3.125367808628323196e-01,-2.010603110803729776e-01
5.116726459590981158e-02,6.048969585874762744e-01,-3.683272662947851273e-01
4.421196939404918869e-01,6.332803538051877679e-01,-7.213653317423825984e-01
5.494157102642114321e-01,9.681400177572440091e-01,-9.935046585527744778e-01
9.518094923968963839e-01,3.756177054419949091e-01,-1.023739097578272084e+00
7.072535447206848014e-01,7.490949399153098431e-01,-1.012527948659877719e+00
5.238369746088533674e-01,9.802216371755467783e-02,-5.051797311499923726e-01
4.063655034925196530e-01,1.672129579014297596e-01,-4.407437149999230419e-01
9.541246249992200168e-01,2.647967897238698853e-01,-9.663601880459025129e-01
1.185312756494822928e-01,7.630443918924109115e-01,-5.112755581446194464e-01
9.276184511493303919e-01,2.092410839193393768e-01,-9.136881150901161597e-01
3.429957193236846669e-01,8.151852697292776284e-01,-7.331776243764555057e-01
3.078351661658274008e-01,1.440139341875001922e-02,-2.737230123623290989e-01
1.465233384201867217e-01,9.939010471003910663e-01,-6.591604214330980538e-01
5.408892774858650165e-01,6.994622955334901526e-01,-8.421753572154226930e-01
5.706086538032777433e-01,8.437548157765508705e-01,-9.451705014493124724e-01
3.652420261089475151e-01,8.512368531488991863e-01,-7.717180677644934761e-01
2.784634445203821862e-01,5.970739616459393995e-01,-5.605467744048264755e-01
5.411284779602776318e-01,1.686851235008832717e-01,-5.579839095642218361e-01
1.331936220932761206e-01,4.648239810146046480e-01,-3.641547424115508247e-01
4.921840042970631046e-01,1.024511276788715453e-01,-4.802008686526065828e-01
7.933646814826694760e-01,9.344611347381575062e-01,-1.186260216683186375e+00
8.355295053224782720e-01,1.552516302438494700e-01,-8.051838753649611657e-01
3.864174919254658169e-01,8.768007705770587412e-01,-8.037137317024363181e-01
3.397846842563255754e-01,7.898105252198568405e-01,-7.168067466486625072e-01
2.019790261693655831e-01,3.380407301186383329e-03,-1.763453955133255369e-01
2.550388762052028246e-01,7.701992962040108415e-01,-6.330682133080220986e-01
2.560294170908750111e-01,7.939981790416403840e-01,-6.466759478624597435e-01
1.224156740864253967e-01,1.250150818627192573e-01,-1.727667402149493103e-01
3.087593563806597663e-01,2.008669357053932680e-01,-3.744325791931464309e-01
1.279906014602142372e-01,6.424975122033625974e-01,-4.548587758626413957e-01
6.723480603726289528e-01,3.750244552257453456e-01,-7.819330018744472532e-01
7.326735152529691986e-01,4.359353084325479077e-01,-8.666983593160537680e-01
9.743528451768160847e-01,1.128405276189631268e-01,-9.024194182532596642e-01
3.938282004979455353e-01,2.184530000202418165e-01,-4.573651417056112112e-01
5.125476795150308851e-01,9.949260294701618434e-01,-9.759985898955945149e-01
1.380977386772822557e-01,1.950605519832038226e-02,-1.297846520592444708e-01
8.326667526451786427e-01,4.640034948359397227e-01,-9.681438629362386639e-01
6.522155210463698172e-02,2.542438715600012777e-01,-1.925868224923353855e-01
2.971460762977309322e-01,4.460916209481446959e-02,-2.806721183826591526e-01
9.690367316432618727e-01,2.814240370566456484e-01,-9.881551597090847405e-01
4.203275992229460467e-01,2.230095204818920429e-01,-4.827052532509824578e-01
5.961061347023332013e-01,5.700476350213090626e-01,-8.205470885396128899e-01
2.153062693613624345e-01,5.407304737101283898e-01,-4.757817316128167828e-01
1.701438721554014988e-01,8.861992845827892928e-01,-6.218632237132022400e-01
6.688285069325958787e-01,5.305781898021555421e-03,-5.807910308962512813e-01
9.367513510341517469e-01,4.516812373026182215e-01,-1.051483004974286484e+00
4.322760975295480979e-01,3.377583676762441200e-01,-5.545142950231511936e-01
4.308757367860427401e-02,8.528767434404732617e-01,-4.942166268297471521e-01
7.119778808882734067e-01,8.403016093601441971e-01,-1.065480205163965355e+00
2.836589865314398384e-01,6.094010549738844151e-01,-5.716413826602610992e-01
8.994502160249926437e-01,8.537642517059909064e-01,-1.234692286752989032e+00
6.396277292440305517e-01,9.751658974518198075e-01,-1.075223240680367898e+00
2.256423755871984627e-01,2.794727676602112298e-01,-3.447276810415947912e-01
6.300034982572677578e-02,6.295685079270783024e-01,-3.917718481247708384e-01
1.142804217637097830e-01,5.183516399988316037e-01,-3.764923669239259585e-01
3.234847532844784546e-01,4.085502025237989221e-01,-4.984368113701245773e-01
2.958845161502483556e-01,5.875648019031272096e-01,-5.705055251050701326e-01
4.760196602662292165e-01,8.484483262212920707e-01,-8.659491079585321938e-01
1.680944780583369935e-01,5.441567940269051995e-01,-4.368209490312269239e-01
3.633803894463293327e-01,2.595502580298861828e-01,-4.530750879167170231e-01
7.645040390486740334e-01,1.659728761200695013e-01,-7.495539464827813969e-01
1.176125758900177232e-01,3.405513051676903880e-01,-2.841037369937912671e-01
1.427783904378260305e-01,1.754020274416834280e-02,-1.327759646420516304e-01
2.229951249056383311e-02,2.858089376845022178e-01,-1.724100504725658844e-01
8.790814123727642704e-01,8.112946367992736052e-01,-1.194335356623504873e+00
7.530584838955433069e-01,4.138600046570215518e-01,-8.724851496776737658e-01
8.868600435058445752e-01,8.033183554308834795e-01,-1.196783219840663826e+00
8.588329226992265086e-01,5.507384173667507765e-01,-1.037228410600087525e+00
6.525364586565385316e-03,1.612024026002907284e-01,-9.201329535980030949e-02
1.302484568110557905e-01,6.224922953209439669e-01,-4.460907471080219899e-01
1.748680689493551377e-01,2.477329743185818778e-01,-2.838459412771701662e-01
1.357611249358843253e-01,4.117287753894982583e-02,-1.393749365350001601e-01
5.534259154412766168e-01,1.660742953329856775e-01,-5.672114519334023885e-01
6.720866726845939887e-01,1.378174432554127860e-01,-6.546081569065761441e-01
1.245952784275421443e-01,9.039961108521542554e-01,-5.920395700445049147e-01
9.417008225584375669e-01,5.462159039351568435e-01,-1.106412994854883314e+00
6.693789059747408121e-01,5.205978133679454167e-01,-8.573676232821594301e-01
2.406981057253134715e-01,2.626428930532020978e-02,-2.220648455978136426e-01
4.842773768328723083e-02,6.772839380933952658e-01,-4.047459849496974904e-01
4.831303151603054680e-01,9.758433556331880254e-02,-4.697696962853845082e-01
8.618884558315167421e-01,8.754194033353029925e-01,-1.213837562959160454e+00
3.635373084498283447e-01,1.494092643345437121e-01,-3.941955348953647409e-01
9.280348403678211344e-01,3.026816353817399774e-01,-9.641147348546391660e-01
1.988261354126205083e-01,8.132107073119324570e-01,-6.075397985532983158e-01
2.265699961280805974e-01,4.076870239956587039e-02,-2.176281389365444241e-01
2.897155446936525713e-01,7.351689439079658328e-01,-6.442632440656778092e-01
6.351134352027916208e-01,6.029347601950717506e-01,-8.718754796191311440e-01
1.023978223452256531e-01,3.382236339066798658e-01,-2.697091633739035488e-01
1.912570719588847501e-01,4.493153758737733483e-01,-4.060187962909556636e-01
9.428554514943922049e-01,6.187348543239334919e-02,-8.478930050727392365e-01
7.429448179842834676e-01,1.045306628109281544e-01,-6.980025580370029514e-01
5.934004499694917056e-01,3.475685326871902348e-02,-5.313924486877648068e-01
2.700622993613643885e-01,5.425948479793196721e-01,-5.240964733110663465e-01
5.105106138628326962e-01,3.788273146048778406e-01,-6.441236487425564539e-01
3.392177500715420901e-01,3.274854291583936261e-01,-4.685963219716526851e-01
5.574617317146223217e-01,7.079281262451095902e-01,-8.610320625091969493e-01
3.266081879976943103e-01,5.511818841339132247e-01,-5.775599679544112242e-01
6.685707713731089408e-01,7.034854679350288631e-01,-9.546631691319769075e-01
7.482263639822813728e-01,6.863425169030066275e-01,-1.014309719893647488e+00
5.332441145743094246e-02,5.923853064267913249e-01,-3.634873745232345965e-01
4.872767712912305926e-01,8.218940155450430440e-01,-8.614484164529849775e-01
7.102349494567985477e-01,3.183547911842512512e-01,-7.843073899234351831e-01
6.680339374562460630e-01,2.598952839415445970e-01,-7.165171936725189816e-01
5.661972438294918808e-01,7.094770815289030974e-02,-5.272772007100954283e-01
1.871611481862929249e-01,5.937108608766361595e-01,-4.798486321052898296e-01
2.906537975354219761e-01,4.748161077345759429e-01,-5.055731625295469822e-01
4.390816585642216552e-01,1.451524033011430959e-02,-3.871967373506470800e-01
7.885088603581855704e-01,5.496693175274186549e-01,-9.758871398170456679e-01
4.648385052426525776e-01,2.648692514775686790e-01,-5.435970731347521401e-01
1.699571888423769828e-01,2.997003899140999739e-01,-3.074472501385797085e-01
4.852496691813977803e-01,6.237265797773307030e-01,-7.535157562540704124e-01
5.194949717496442076e-01,1.944417055642468917e-01,-5.530907154366339062e-01
3.260626601045552020e-01,8.562992660930230926e-01,-7.405749071246896520e-01
5.317330873992042184e-01,7.141839369145013272e-01,-8.421513799188831140e-01
6.106756672813351550e-03,8.937745681414861476e-01,-4.841744124059819132e-01
7.440379089043956951e-01,6.695290681273733391e-01,-1.001681500994758611e+00
8.472801771737716869e-01,3.294916523957791554e-02,-7.498064229113902135e-01
3.406458015021176511e-01,2.405684168037668380e-01,-4.232589276764724406e-01
6.459795870440149246e-01,3.264815608250493106e-01,-7.331374852699431566e-01
3.912136461680046917e-01,2.303516432501927502e-01,-4.614813193971025740e-01
3.390263047439140420e-01,2.281621106255964371e-01,-4.152120083852630650e-01
7.410628432314686487e-01,3.849703727585777058e-01,-8.466399903201483612e-01
9.898252526192414802e-01,5.504431013231604330e-01,-1.150263273222258409e+00
5.263875016818284625e-01,7.556026645166299405e-01,-8.597249101628654522e-01
7.721471494122433832e-01,9.296645842659839731e-01,-1.165355660379915115e+00
8.903458450397457868e-01,6.733406019235047557e-01,-1.130151395866860309e+00
1.855196387040604078e-01,2.077486943512507622e-01,-2.716260161191719202e-01
4.076111416521777109e-01,5.857680006936725192e-01,-6.660879888325663689e-01
4.850956500406552463e-01,1.310062595008287811e-02,-4.262003784634100789e-01
6.140765333125047798e-01,5.423527346960222983e-01,-8.212363388055994307e-01
4.256138326336742495e-01,8.240495613246423545e-02,-4.119352183917296406e-01
3.943663719338262874e-01,8.039408402505854312e-02,-3.838562068411096595e-01
8.362820837328899248e-02,3.088842476542087434e-01,-2.377694929975044391e-01
5.348218858761973893e-01,7.551650600316157647e-01,-8.667787557016239930e-01
6.408311885065095526e-01,5.147747475854076438e-01,-8.295788850195786601e-01
3.251083909587774157e-01,6.196523499707160543e-01,-6.129514369239368321e-01
1.617988600688050616e-01,6.845652982751154747e-01,-5.066137025886194856e-01
6.953131826545011496e-01,5.750020402825226640e-01,-9.089285292592774734e-01
9.942821664723167085e-02,3.747637372728859217e-01,-2.867217875871351795e-01
3.327756428895645158e-01,5.383867300919641385e-01,-5.760335592747688471e-01
4.222492084686279012e-01,9.087491970670414920e-01,-8.517950686107715885e-01
8.879714837457823862e-01,5.132768705231975925e-01,-1.042335182261539206e+00
6.889853428819492365e-01,7.277510867339078704e-01,-9.853056817209184803e-01
7.458411002637127529e-01,8.622465198478135306e-01,-1.106500494533703360e+00
2.750922604468734045e-01,8.190840406353452341e-01,-6.765899031126273444e-01
9.685331411174403771e-01,8.684641257735671305e-01,-1.302264633486720058e+00
8.081800380026771258e-02,5.590438869366221031e-01,-3.693803200563812728e-01
8.016459288922098692e-01,1.864606016576755287e-01,-7.926266197691770321e-01
8.489089419364498346e-01,2.066467386578751952e-02,-7.446316616406803979e-01
4.876803886424849743e-01,4.688938889069900195e-01,-6.726545769845627687e-01
3.727415440154223658e-01,6.055988880091611737e-01,-6.465821492422532124e-01
8.177504222698285252e-01,8.348989868888684329e-01,-1.153985573896239014e+00
7.138796163431122554e-01,3.373189462177995646e-01,-7.976180903113773146e-01
5.190766801078383619e-02,6.894767908651011634e-02,-8.179762757608324830e-02
4.451835988961321267e-01,5.552888931407755635e-01,-6.822239519570533206e-01
2.264560387621533666e-01,7.759886621110401173e-02,-2.372638047130047334e-01
1.801104765323899848e-01,2.111876768439221452e-01,-2.687945076388711385e-01
9.878125135846167471e-01,1.054659978008074539e-01,-9.100988068748048221e-01
5.362912849216002753e-01,9.796414059603741897e-01,-9.883261910591014665e-01
5.864396561455660351e-01,5.863549469080640009e-01,-8.209317861205737143e-01
9.262466621876218609e-01,7.495439007645127161e-01,-1.202004849673105280e+00
5.798854182102248789e-01,1.321427954528499038e-01,-5.718946462692746646e-01
9.328038073638397210e-01,1.102207810849887837e-01,-8.651123636910832415e-01
7.699730261019555044e-02,6.304693631139901555e-01,-4.043495868536450821e-01
8.487913860209659322e-01,4.340468519181529539e-01,-9.660262758265321104e-01
2.819399610607001838e-01,3.693990388774102129e-01,-4.415593597227119860e-01
4.890536356267111140e-01,6.545570003852976271e-01,-7.733222286449162874e-01
1.825981980505001490e-01,6.025748926538126993e-01,-4.806551728867000106e-01
1.128257820891684915e-01,6.063927473083157160e-01,-4.224090922467147458e-01
5.273779257474320303e-02,5.750734501366191465e-01,-3.537045204472077931e-01
7.939438847207468397e-01,2.484718003656782859e-02,-6.993763020178557221e-01
2.964428231632487698e-02,9.377751516948421573e-01,-5.280898140235488203e-01
3.612429235667735661e-01,6.276806969492984001e-01,-6.484777159921686351e-01
1.998024917439712445e-01,4.282775557407625389e-02,-1.956010727037609809e-01
2.557651279900009511e-01,4.358927671089621869e-01,-4.545694707671151802e-01
2.949935632162088428e-01,6.344314570358777772e-02,-2.889036116428326806e-01
7.315335337110220326e-01,5.436452254032708709e-01,-9.234258219528623801e-01
4.372966164883340667e-02,3.940580163865818886e-01,-2.489297060490541225e-01
8.803964887148574281e-01,5.790749721388970261e-01,-1.071045059201163552e+00
1.313929777302230706e-01,4.247633225167534166e-01,-3.411336847722450938e-01
1.737123070127545299e-01,4.415701141929656570e-01,-3.867079892119714701e-01
4.454734399097866060e-01,7.271647035390699232e-01,-7.745679739203237268e-01
1.667608577630806943e-01,9.057968000139698939e-01,-6.294405276124366289e-01
2.341454428995061177e-01,2.473137558661414603e-01,-3.348440846200543275e-01
9.107176398758348723e-01,8.841266512768327646e-01,-1.260697309755794970e+00
9.820325834201788506e-01,6.273172493544040274e-01,-1.184719760669077804e+00
2.897283413621488668e-01,7.611263653937599960e-01,-6.581826667201842174e-01
9.193137035426278691e-01,4.982650617464032816e-01,-1.061375076500280290e+00
9.256542331220496411e-01,3.482767598706864032e-01,-9.864881367403004475e-01
8.921417379883198606e-01,5.019014129155384696e-01,-1.039843646522041753e+00
6.845421157578729376e-01,6.318193199957902184e-01,-9.300645611700619764e-01
8.007547479913461608e-01,9.482214667928268170e-02,-7.427553125616184193e-01
6.691730673826943310e-01,6.066828839606488444e-01,-9.033153896605359279e-01
9.354532064890705989e-01,2.584485735598891498e-01,-9.468243743967892367e-01
5.477921169917210342e-02,7.501101617718233250e-01,-4.492557731133626220e-01
7.939117001518120054e-01,5.101804052694056679e-01,-9.593971071587379384e-01
4.470941054649053559e-01,3.244680694938076870e-01,-5.601976971305159259e-01
4.637208267635468673e-01,8.974861433238109365e-01,-8.815966166667417170e-01
6.771759679921766084e-01,4.592854142440494503e-01,-8.312531436559450482e-01
5.587412212944561363e-01,3.857111196274916054e-01,-6.894891261980593544e-01
2.490974866445988534e-01,8.634630475769683455e-01,-6.779062169598210064e-01
1.441371020178582318e-01,1.484721484076725329e-01,-2.041052995435835293e-01
3.885597779966242227e-01,6.610354979808060749e-01,-6.899547458966956981e-01
8.174430618755630373e-01,1.701964783442082574e-01,-7.975626845986257818e-01
8.650978227290079259e-01,6.541159124942659275e-01,-1.098033205016258673e+00
6.216771077571694448e-01,9.447972301047675714e-01,-1.043439774308612789e+00
7.654766668181033351e-01,8.631088120835838096e-01,-1.123930009823042475e+00
7.490792637437685419e-01,7.683685590812836530e-01,-1.058997476709251151e+00
8.539677733449883013e-01,2.385979769519797067e-01,-8.657749397036310635e-01
3.290554377572215694e-01,4.440369330398526992e-01,-5.222648589328608981e-01
8.211422330229087851e-01,2.742492435924837046e-02,-7.242601328006150752e-01
1.812773323304257556e-01,4.314730238998283340e-01,-3.878349110279946110e-01
2.713367217021358524e-01,2.281419633684933501e-01,-3.567092880409925559e-01
5.193755655715558417e-01,1.027870630000676799e-01,-5.038776406883387349e-01
5.259011776299499230e-01,3.262307232161342219e-01,-6.292409229750526301e-01
5.061963709481567264e-01,7.903827071029392304e-01,-8.609130032663526721e-01
1.348777249718824400e-03,2.207791436657668971e-01,-1.194621887824005857e-01
1.740582034755827623e-01,6.474709946515788683e-01,-4.973315783121874389e-01
7.239725584135923153e-01,8.724100520193409647e-01,-1.093049217978149024e+00
7.430984503115704021e-01,4.340575379616734564e-01,-8.747006178180030123e-01
2.651511032332867224e-01,5.616640642557054752e-01,-5.300701743611039296e-01
5.439874220602369803e-01,5.471079410464678716e-01,-7.632188421202641404e-01
7.131814343283745528e-01,5.611059282793056102e-01,-9.169231042297469880e-01
7.360682135759440969e-01,3.470766358598749157e-01,-8.220200141634212976e-01
9.284143176467603009e-01,4.750871249406087848e-01,-1.056820023126009644e+00
4.818847480460524135e-01,5.466301705416443113e-02,-4.456955086879924588e-01
1.105635170025180969e-01,4.622866709045244660e-01,-3.432400873721154211e-01
2.408868217713866500e-02,4.940984058507909005e-01,-2.855606409981236160e-01
9.799457514395889524e-01,8.912104715061907045e-01,-1.324314322367935670e+00
2.646962280902869225e-01,9.219369140573471233e-01,-7.227165520254008602e-01
7.724444049064848050e-01,6.358943103008128928e-01,-1.008206129917263549e+00
8.708146771867613101e-01,5.908897950442455471e-01,-1.069095778177880041e+00
5.678219979559949726e-01,5.438085323775632141e-01,-7.820469055190115704e-01
2.761451332169408968e-01,2.841084766263650696e-01,-3.908520063792124688e-01
8.416475692562813693e-01,1.741260003809589341e-01,-8.205837796502422066e-01
6.564915380901916730e-01,1.223638816552208297e-02,-5.738439287579149006e-01
1.864875984731335645e-01,7.178762313175425236e-01,-5.457962196622136997e-01
7.735625836049191406e-01,7.825634476049611044e-01,-1.087759832207761734e+00
5.092692875830201471e-01,9.380486925494587735e-01,-9.426899595441680102e-01
8.814165782823396578e-01,7.284925944049713831e-02,-8.006834232458547307e-01
4.190381634251250098e-01,1.533146387506886255e-01,-4.442474924095412003e-01
2.705321137925276176e-02,4.983808867605687976e-01,-2.904169657828541418e-01
7.723224465812476014e-01,6.163628907506674137e-01,-9.976355239924989959e-01
8.034447798033144128e-01,3.960282482505277368e-01,-9.064704426669970561e-01
3.100908058385256627e-01,5.260770046187867033e-01,-5.498354066538734264e-01
7.784650534354590201e-01,4.605421925377417569e-01,-9.194524722668668826e-01
2.752180528522480962e-01,8.023423719749400718e-03,-2.421205019955007531e-01
7.196231111050234164e-01,1.893642630793844761e-01,-7.233048833637036878e-01
1.544924969031403750e-01,7.531056588380506955e-01,-5.370250520222621393e-01
6.556562231832788745e-01,4.271963587092790782e-01,-7.954637172313300253e-01
3.277694510675621675e-02,3.914145722655889559e-01,-2.380488483097477626e-01
5.178592170838572928e-01,7.319168652940886144e-01,-8.396642520657275899e-01
3.212552331864388933e-01,1.926023332216135753e-01,-3.808022222695284231e-01
7.142037464978362449e-01,4.091196407095508691e-01,-8.363700363748710620e-01
9.540609002226575486e-01,8.216073668432783972e-01,-1.264652345681813284e+00
9.721170136008860929e-02,6.819808804490846699e-01,-4.494178757320279605e-01
3.336622688324775154e-01,2.303477854973382533e-01,-4.117479539187658966e-01
8.066857404067206971e-02,4.199488778879718609e-01,-2.947220614593898391e-01
8.938759314602482409e-01,7.184919028550128539e-01,-1.157394539463604710e+00
8.219935793504182797e-01,7.258299283917990508e-01,-1.099211379586316095e+00
3.501143488415743299e-01,3.097657479177795548e-01,-4.685178278305737742e-01
4.221207360707500689e-01,3.043065034388166001e-01,-5.278148472166231953e-01
2.812377667212229149e-01,6.089945242393065561e-01,-5.693313330096639868e-01
6.347182385305123464e-01,6.355733410941816208e-01,-8.890222096526640971e-01
5.343317322855436480e-01,6.782997675245791003e-01,-8.251696600201727794e-01
2.661289437772015321e-01,7.078137717993776556e-01,-6.092242896029614885e-01
5.967347175986669194e-01,1.851411032744646468e-01,-6.148517293702627784e-01
1.226736488613275888e-01,3.915331443567811043e-01,-3.157939241352463178e-01
9.941250161976709077e-01,9.125348527278940303e-01,-1.347992823476712898e+00
9.811611128784145652e-01,9.896010344017562854e-01,-1.378083638317840531e+00
1.467962985650241858e-01,6.613727189481439783e-01,-4.812227664873588440e-01
8.588433513405527853e-01,3.663730339129105396e-01,-9.384517623671619901e-01
3.217666365365462466e-01,6.675056417595475189e-01,-6.357042512289556857e-01
9.357162089774296865e-01,9.444001338933571965e-01,-1.314594484821296927e+00
4.749702134850375401e-02,7.928607980162295510e-01,-4.658695005506581222e-01
9.875687060218685254e-03,7.974360929813943955e-01,-4.358116614248893073e-01
3.528429680291594872e-01,5.671833547063627190e-01,-6.088037882790425792e-01
9.017332947982925617e-01,8.518856078152342581e-01,-1.235658536091569060e+00
2.174467499556607120e-01,4.531851454803188517e-01,-4.307233008300249688e-01
3.492587574969068243e-01,6.001426956430799819e-02,-3.339580116349001870e-01
5.529279489428501337e-01,7.963233104077882540e-01,-9.044777581172547265e-01
8.282337710504826811e-01,7.552054652579032190e-02,-7.561584083348239504e-01
7.607910081016270309e-01,4.418785296694088816e-01,-8.941797129073676409e-01
1.556977992744673633e-01,4.209760407778324609e-01,-3.601066873568588012e-01
4.929885118504040431e-02,3.112964928510431051e-01,-2.093973236571389229e-01
6.574131622603177627e-01,9.477615979904328025e-01,-1.075908366648900216e+00
7.143191534679506072e-01,9.871906603553406434e-01,-1.146208640348250540e+00
4.529926974511234716e-01,3.142192677286803626e-01,-5.598033312927770400e-01
7.177727335826830091e-01,2.389303014185883978e-02,-6.330440364903137107e-01
9.585108126644209525e-01,8.273649528012150256e-02,-8.725998211635522805e-01
8.793307671120953461e-02,4.129184445744999987e-01,-2.972324551441994922e-01
6.494229849507404673e-01,4.494310738900859636e-01,-8.019911356607036801e-01
9.012268674667901491e-01,4.839463439658205912e-01,-1.038073701300128215e+00
8.685660497543857828e-01,5.693332817621739039e-01,-1.055602400120866369e+00
4.320925124841393794e-01,5.591558511381005125e-01,-6.729836543149345651e-01
7.119021836908860923e-01,8.833005536542384295e-01,-1.088454254819685607e+00
7.401251329915492505e-01,2.660866793554130805e-01,-7.821300802938894181e-01
2.889956050726635306e-01,4.731640997322347220e-01,-5.032551152257389582e-01
1.713198391350309047e-01,2.680156048225318388e-01,-2.916475738619436209e-01
6.035383723091866104e-01,8.617655307750592408e-01,-9.832761347217514603e-01
8.296836216568285183e-01,1.294973096660734235e-02,-7.238848982662066112e-01
3.239584213969585180e-01,6.215402378024336150e-01,-6.129692829998882875e-01
2.422523135881948786e-02,3.443334172026549789e-01,-2.054323719361985101e-01
1.918135306762125403e-01,5.286996128404733986e-01,-4.490348747195967993e-01
6.755875486402367347e-01,2.074844107940262417e-01,-6.949619106725648532e-01
6.120510481506417078e-01,2.040204578874894592e-01,-6.382027109208912030e-01
7.188031087888807624e-01,5.574707904509312861e-03,-6.241191802846227654e-01
7.305759496808704734e-01,1.799379144480883763e-02,-6.409466540034189919e-01
4.503862248418597503e-01,1.337320543736185696e-01,-4.608433463171889288e-01
5.807209960588841646e-01,4.858785083512866532e-01,-7.621534369828841804e-01
4.514168464127508162e-01,7.926991076128976355e-01,-8.148180795363983986e-01
7.278347539406742062e-01,3.465128616268922102e-01,-8.146032382489838408e-01
1.124011394126350760e-01,5.180783865545659506e-01,-3.747220282066039410e-01
2.009324639007881164e-02,9.682516068173311341e-01,-5.361663013751660767e-01
8.996531376092798959e-01,2.508253405287858007e-01,-9.118041780966252841e-01
4.579295581244900992e-01,1.324434041187128042e-01,-4.666712141785253065e-01
4.209679271125174038e-01,5.850286194664834349e-01,-6.772336835688788081e-01
6.697192543784041829e-01,5.848450986270079532e-01,-8.920863570914709939e-01
9.809441045826547967e-01,3.869237929495604744e-01,-1.054972866289929367e+00
9.530962189212470737e-01,1.449917215380914781e-01,-9.012782198896958086e-01
1.628749861862467396e-01,9.581257341621900459e-01,-6.541212737952382117e-01
8.011162486116467640e-01,2.951886885886207956e-01,-8.504270062617849124e-01
7.235195145499669911e-01,2.868294399621443835e-01,-7.788951061225611872e-01
6.608998522190420166e-01,5.540430041996841082e-01,-8.679611237753701580e-01
2.223676872810343985e-01,2.471209314504450028e-01,-3.245633718409420276e-01
7.693952087183458799e-01,7.615849891065481492e-01,-1.072918156204466733e+00
8.983907452420462070e-01,9.703465541501193892e-01,-1.296243273813760366e+00
9.184138052085555337e-02,6.640423986636284637e-01,-4.351655738595863188e-01
1.616008628214530285e-01,4.408602029371634368e-01,-3.758618667840581962e-01
2.926115330915091128e-01,2.971972514705877311e-01,-4.120941088322389589e-01
1.732865734084856335e-01,9.500769767480288230e-02,-2.006469098839884779e-01
1.223962885354193952e-01,8.480695568570673082e-03,-1.103091659482140358e-01
9.436149048722918264e-01,4.390270034455460157e-01,-1.050633616432529394e+00
8.998063188969328552e-01,3.765683588766832735e-02,-7.977177531092132234e-01
3.526231883600128292e-03,2.176812961711359629e-01,-1.196838991229806637e-01
2.994556561974138775e-01,6.796326952018391099e-01,-6.229227380268106407e-01
8.643353381904745891e-01,7.457718912568234160e-01,-1.146484936278520772e+00
7.080362772507170499e-01,2.572469871955377352e-01,-7.496650211040303269e-01
7.773728371954673477e-01,1.536275341039727849e-03,-6.725666052570161701e-01
1.979990362898742529e-02,5.153876289001066979e-01,-2.932616975402695947e-01
2.751143933774837791e-01,6.425622399525424688e-01,-5.820260747702292736e-01
4.785358634875145345e-01,8.078611123479325640e-01,-8.463761887774871040e-01
7.969124337007007508e-01,5.581186183246015231e-01,-9.876760944702303036e-01
5.438552982430835403e-01,7.120622873979137735e-01,-8.514896144913465248e-01
7.100636602508255679e-01,3.306189696663759392e-01,-7.907307010858687368e-01
2.326333816107900576e-01,9.142237045271599527e-01,-6.908775537724698435e-01
4.648436495499305154e-01,3.336062650848753419e-01,-5.804318122600498064e-01
9.090826972374861370e-01,2.447081632249646921e-01,-9.166747767664455981e-01
4.272680731759580519e-01,9.767274393503488916e-01,-8.925557032690840664e-01
3.286203925310147156e-01,1.338511018061467883e-01,-3.556868378794000307e-01
8.893932088078159159e-01,4.027770667535695015e-01,-9.843563178330974051e-01
5.133709686255423232e-01,1.476515238266971064e-01,-5.227279802115470941e-01
6.917599411758832417e-01,3.553418655738288523e-01,-7.881609786387211436e-01
5.230706732247439872e-01,4.612269819836423146e-03,-4.544671720412375993e-01
9.431405955991767343e-02,1.454090562914224227e-01,-1.594109607380642113e-01
9.112771442716278703e-01,1.440665345407273756e-01,-8.646457907858856595e-01
2.207411244581857224e-01,2.705850464776379249e-01,-3.357302411637023698e-01
6.555691294768989374e-01,1.367553680927134918e-01,-6.397659414693956936e-01
7.949174260989773089e-01,4.944757556475315452e-01,-9.518513949195723800e-01
2.944303664031960865e-01,9.630297662120919089e-01,-7.704285659581230350e-01
6.653653941000482464e-01,9.065900480734691014e-01,-1.060719732960961892e+00
9.887766481664079787e-01,6.540857682834683162e-01,-1.204890404791608916e+00
2.420341201683099408e-01,8.434217267082584346e-01,-6.610641885926024086e-01
1.948046519570840740e-01,8.621653634218895412e-01,-6.302953724365674137e-01
2.462287295445149127e-01,1.704366233238259198e-01,-3.040936065442030878e-01
2.553677539050505096e-01,9.046887929921233473e-01,-7.054138358653716523e-01
5.880999476793211667e-01,8.949190131220986499e-01,-9.876996017243485637e-01
5.267232851754848344e-01,8.459285633807446247e-01,-9.084130006428252635e-01
4.180194818888902653e-01,7.105894997230167709e-01,-7.419632228288305376e-01
1.156211142808747372e-01,9.036752997241542795e-01,-5.841129196918243283e-01
5.477348230075427260e-01,1.354393744302087033e-01,-5.458790277512171052e-01
1.186820583041996446e-01,4.441342491181897723e-01,-3.405291494104575323e-01
2.113910748910113879e-01,3.466712153634401439e-01,-3.684187543138129906e-01
4.037718581222854430e-01,1.639215719734614662e-01,-4.367389215043397943e-01
2.605128458919512280e-01,1.609857513502924720e-01,-3.113728827592858739e-01
1.665254322765139516e-01,7.125361548899001862e-01,-5.256852210374327594e-01
7.158896611538434485e-02,2.261560358776493196e-01,-1.830391607597620096e-01
2.695566195999916648e-01,5.699571186735596928e-02,-2.634684098989559797e-01
9.021050472005143206e-01,1.703339504745204902e-01,-8.707944622460711548e-01
4.680663366080820564e-01,6.724966872243648419e-01,-7.647990286983410435e-01
2.565466372701836750e-01,5.315219197332973211e-01,-5.064842824980576586e-01
6.123290136668699812e-01,7.187414049036143782e-01,-9.142378926630315705e-01
8.182584369843530769e-01,3.926374429348058470e-01,-9.174543777769327280e-01
4.858171761736712613e-01,9.919403279594373180e-01,-9.513004439108094790e-01
6.679319892375593648e-01,3.919850795828743184e-01,-7.872047360669087723e-01
1.044365951512049584e-01,9.288594832899488285e-01,-5.879422052315612657e-01
9.035059097716565679e-01,6.083976575809024734e-02,-8.133363954681523955e-01
6.940478721696778930e-01,9.804569493656837276e-01,-1.125083799457270217e+00
3.981015462714857511e-01,9.549350361291164546e-01,-8.556756355977395145e-01
4.923994441315778792e-01,3.877602125531196542e-01,-6.332598009745712409e-01
9.203703629673394282e-01,3.984388673065910602e-01,-1.008799827000305793e+00
5.545576653396456779e-01,2.889916497991196209e-02,-4.946889853425840422e-01
3.979489436169170169e-02,1.870152606138095752e-01,-1.345930683138022999e-01
4.351767634854801781e-01,7.299797619573311636e-02,-4.151583416044500874e-01
4.754846829829741939e-01,5.111000129957683491e-01,-6.847306798306713738e-01
7.074297250548888805e-01,6.395321395594838476e-01,-9.539748441596365147e-01
6.598509904905708323e-01,1.961471311355698077e-01,-6.752889557304161405e-01
1.610009538160237508e-01,1.253546938997187610e-01,-2.062910227264509455e-01
1.765560880601294569e-01,9.346553190781090592e-01,-6.533675975672599279e-01
4.325576604321421659e-01,6.322304301733616683e-02,-4.076575704914434661e-01
2.188743194490253563e-01,6.958863595172610772e-01,-5.619997404179702949e-01
2.989471270411062642e-01,1.702263066693948668e-01,-3.495359395254480916e-01
6.129038965287162410e-01,5.894312198109269429e-01,-8.454483784195874208e-01
5.807630173370026405e-01,1.205405624443531831e-01,-5.664363516968070611e-01
8.388772006619790167e-01,6.091947601792702116e-01,-1.051306031851045431e+00
7.582113094895841510e-01,9.578082525960965876e-01,-1.168393209563451718e+00
9.800052150564521058e-01,7.715483722804195033e-01,-1.260249009067794024e+00
8.354519975517364916e-01,1.835095334227609953e-01,-8.202578957677179039e-01
1.541034984544020769e-02,1.901831316249972259e-01,-1.152192862148204433e-01
4.163091199552146904e-01,6.069664117259848668e-01,-6.849625038113825726e-01
5.515695084056632114e-01,2.106270242884371591e-01,-5.894792950040247392e-01
9.942670740529319096e-01,6.651559072186916666e-01,-1.215566333627624784e+00
5.824543019804693245e-01,7.647214914899901350e-01,-9.130593562453450662e-01
2.402388776685360217e-02,9.437352186444283308e-01,-5.264266092129175068e-01
6.292540049310877404e-01,8.642012356795237826e-01,-1.006802614382090955e+00
5.903693008605864767e-01,3.398546589260624806e-01,-6.922490234878473370e-01
3.192782815858514756e-01,2.279135106743779282e-02,-2.881066993106537466e-01
6.559254959308777888e-01,2.907531268947718406e-01,-7.225881287565758537e-01
6.297237761849002746e-01,2.069274216116381293e-01,-6.550316628986491141e-01
9.728067379298183104e-01,2.992690061648294320e-01,-1.000974492252007630e+00
2.173692090657965981e-01,4.085502039589546941e-01,-4.067402439110879842e-01
4.302939293708573087e-01,5.882288181773566160e-01,-6.870071821222984987e-01
7.321740616256724454e-01,6.252068130121607448e-01,-9.676812024715213401e-01
1.353175134495352427e-01,5.920873046322063793e-01,-4.341795833239444624e-01
2.089568822011692584e-01,8.441671940471967561e-01,-6.328809166908248018e-01
7.368853495507049489e-01,9.554238401857808594e-01,-1.148687417299981917e+00
8.662273358256280531e-01,4.350702587608844540e-01,-9.816413857587860115e-01
2.706905545565573279e-01,3.059908164396829555e-03,-2.355486760062838192e-01
7.427710971395506956e-01,4.349488337498741419e-02,-6.651485820725390186e-01
4.737262902307491919e-01,3.484026794566325025e-01,-5.960356145714528209e-01
6.150584072452973672e-01,5.402037934249257489e-01,-8.209333616900791331e-01
2.589572462879735637e-01,8.041417054405773923e-01,-6.546409930432222080e-01
3.426952200673846205e-01,6.949936887240324435e-01,-6.685175558888927227e-01
4.325860171300093260e-01,9.578103700347435634e-01,-8.870150037256989695e-01
2.759424993631043321e-01,7.544351320461227806e-01,-6.426847840303258064e-01
9.048124549327737354e-01,9.375504914139142221e-01,-1.284219793382028962e+00
6.054009322503660639e-01,6.528258056141735821e-01,-8.729326597691234868e-01
5.494632027750542269e-01,4.420974168847795482e-01,-7.116844044490029386e-01
6.834554628280068433e-01,4.538523514559521521e-01,-8.337682667433778949e-01
7.636584348703983061e-01,7.239760989087034027e-01,-1.047809503393452690e+00
2.074809242251197672e-01,8.056499752759245236e-01,-6.109674245682132909e-01
9.792908420373360734e-01,2.136784157173676757e-01,-9.607168505863934449e-01
4.831459495343907173e-01,3.955621628635477283e-01,-6.294440695610524772e-01
7.689648920218328243e-02,7.135978305228194429e-01,-4.488039165157303723e-01
4.114789120826927160e-01,1.048373070457011558e-01,-4.117405308927361562e-01
8.222957168909487136e-01,3.367532537369333223e-02,-7.286059372974995618e-01
2.080345572651811636e-01,2.561731756234001400e-01,-3.170281513466939316e-01
2.472408771667988781e-02,3.393387081187186904e-01,-2.031872057798450593e-01
5.578914571850626114e-01,3.037145461603008023e-02,-4.983586559303254115e-01
4.257404719981809915e-01,3.060143623355748854e-02,-3.842875689357291291e-01
3.933323155552993500e-01,6.848215890466563538e-01,-7.068237255466160995e-01
8.431837947074091177e-01,1.080624633868517703e-01,-7.865134567598827120e-01
4.882943445780121294e-01,1.925708435691948495e-01,-5.251271931352877731e-01
4.401430202303768802e-02,8.945163920924189549e-01,-5.173285620652955386e-01
3.356045231633316694e-01,9.943992117181091883e-01,-8.228161860654299442e-01
5.227124181762519139e-01,1.598486817344959565e-01,-5.373355289604887508e-01
9.467325704548438248e-01,9.022014027646635403e-01,-1.301503248290122094e+00
5.274255777314473814e-01,9.705869833604721109e-01,-9.758136642050185827e-01
3.864366892550072929e-01,2.600477661785212113e-01,-4.732650707286691349e-01
8.869348461077442014e-01,3.885376234996889000e-01,-9.746022961057004830e-01
9.532370826943975528e-01,9.909644370455433782e-01,-1.354684455271112142e+00
6.305361145803712875e-01,3.088227404515667684e-01,-7.103306178821156003e-01
3.106769027392167759e-01,1.179917428230691234e-01,-3.316838330625904718e-01
2.003846363285918253e-01,1.720087976977604516e-01,-2.653212008643537900e-01
7.403478552190790873e-01,6.958148356726452377e-01,-1.012577149061203663e+00
7.439488538966273490e-01,1.630131543814058448e-01,-7.302059370342645073e-01
2.420156364158665419e-01,4.137013954109707292e-01,-4.307977991441287458e-01
8.180964233088617865e-01,7.260156950331104753e-01,-1.095943305429206038e+00
1.280297569798716228e-02,5.079184564771875854e-01,-2.832134204448328862e-01
9.716692862661818753e-01,8.753823503095117253e-01,-1.308681524904424132e+00
7.074432990678568567e-01,2.625833003244615327e-01,-7.520118911319251254e-01
2.663288858025082417e-01,4.278319657668812059e-01,-4.593787307257289343e-01
9.685714656258972433e-01,4.725305579043603821e-01,-1.090150773527694072e+00
2.670812151963868342e-01,8.443282160757946686e-01,-6.831935955460888277e-01
2.489311138347785057e-01,7.380170671734611609e-01,-6.105466660348363162e-01
8.316569036756860100e-01,8.897595595551797132e-01,-1.195397537655644271e+00
8.741392956660132274e-01,7.575883518680707196e-01,-1.161288164232914255e+00
9.817503113220920063e-01,9.020318829356355206e-01,-1.331671948705001052e+00
4.285048298074104478e-01,7.682659726036594749e-01,-7.819277169655285409e-01
8.143081302921952869e-01,2.031986787826064456e-01,-8.125367874428421899e-01
9.878100205682193158e-01,4.599325797824238560e-01,-1.100025014067843587e+00
3.865909853525862916e-01,2.776903087031891149e-01,-4.828515325273332603e-01
7.096428838603132672e-01,5.665605280785135367e-01,-9.167880259412691801e-01
5.151764804912336571e-01,7.836620832222939148e-01,-8.650718876390837142e-01
5.080904252764207873e-01,2.884277335104756812e-02,-4.545054965817635351e-01
8.890119644187880477e-01,8.182529667200821866e-02,-8.120562401982800438e-01
5.346900823613827125e-01,4.006829825193003458e-02,-4.835055931734269508e-01
5.808469258350579256e-02,1.004379937347847918e-01,-1.040082878946157752e-01
2.120364754388369688e-01,5.809843587407540477e-01,-4.945248555149211467e-01
7.877802363330843605e-01,1.974613559085196535e-01,-7.865393614502698139e-01
9.461969338051842149e-01,8.234938862790449621e-01,-1.258867759325295488e+00
5.343703671676488520e-01,4.799522676174948765e-01,-7.189255635611150330e-01
9.665889170931244445e-01,9.285314094991717893e-01,-1.332769516729216841e+00
3.681577327829537172e-01,2.030857465767657022e-01,-4.269487777442830811e-01
7.631574225296159364e-01,9.748786178830793903e-01,-1.181813795501965192e+00
2.808567462374137458e-01,4.488786092808824124e-01,-4.832096444322298012e-01
9.892961466417583560e-01,7.053445278536977225e-01,-1.232804504378375299e+00
7.721392145261432027e-01,5.208687423688385110e-02,-6.951298747630894059e-01
4.122339457372550253e-01,3.056841001724699414e-01,-5.200096099765023627e-01
4.724531062767223233e-02,3.231350100900121092e-01,-2.139660682093808275e-01
3.548994581081743593e-02,2.719791386349690310e-02,-4.524061205925437174e-02
5.070085591106396894e-01,7.248313899762390822e-01,-8.264914801170187841e-01
1.869852029457351739e-01,3.437416862803683859e-01,-3.457594669076200500e-01
8.208596081735464178e-02,1.477546018247051229e-01,-1.501011930597757060e-01
4.620768019234319235e-01,2.797389182485457981e-01,-5.491780141558537665e-01
1.989564351138911613e-01,6.561713933881779814e-01,-5.235084396742517576e-01
5.175112006712316859e-01,1.381580343156451063e-01,-5.212188876285406280e-01
6.210562704392890154e-01,7.827921213602079265e-01,-9.560985976309431811e-01
5.425175044239651800e-01,6.102718629251892013e-01,-7.957928068775357300e-01
3.165042963594324466e-01,6.736673372914423474e-01,-6.344584839100069207e-01
4.547510946377922858e-01,7.637420165941851691e-01,-8.021836387864356155e-01
9.955436496928710133e-01,7.797238075533219348e-02,-9.020479557417455663e-01
7.369676477149202931e-01,4.937829412121043093e-01,-9.014046100785665372e-01
4.539363142792203210e-01,8.641417250672535078e-01,-8.552751980132859977e-01
7.702940126721530278e-01,2.021439474845957429e-01,-7.739381659968541660e-01
6.076389567312291407e-01,7.507671414190995041e-01,-9.273449769237227525e-01
8.147887704947729404e-01,1.615284684095519285e-02,-7.127302350716960833e-01
9.074288809547683687e-01,2.204633475839934409e-02,-7.959402276839377954e-01
1.460100126149121991e-01,8.078737087973532072e-01,-5.590406868538011498e-01
8.852316077734874167e-01,2.522202214959582411e-01,-9.000896427243619824e-01
9.451001186636353024e-01,2.413900708426197639e-02,-8.296139834246831768e-01
9.976779532275920070e-01,1.916836889306071656e-01,-9.648204266131371609e-01
3.065502257748835557e-01,2.776939976530000687e-01,-4.136886848180116871e-01
5.719777354409197878e-01,4.216591923333341541e-01,-7.201885646687886666e-01
6.399021496262934372e-01,2.340101747111001940e-01,-6.783383332342964867e-01
2.737734278037377011e-01,1.026436227311557925e-01,-2.915710543904306840e-01
5.855824117708660070e-01,3.500569102500772356e-02,-5.247700561102142114e-01
2.307006933075392840e-01,6.100818955609585981e-01,-5.262438645553708660e-01
1.002285416013362074e-01,1.493925703168469399e-01,-1.666562080713924199e-01
2.094359709109451240e-01,7.672494550342245923e-02,-2.220881635607876992e-01
4.858473503057634257e-01,7.798643615661993156e-02,-4.616167006335774037e-01
9.965156428336586769e-01,9.922324967625494319e-01,-1.392761771234436896e+00
4.733533887516545580e-01,6.120303963206175091e-02,-4.418276295872106685e-01
2.539126354971332766e-01,3.623057144667296559e-01,-4.135396794444727853e-01
3.902681358327358963e-01,2.404863857434860197e-01,-4.660946277247111080e-01
7.373115007018496980e-01,5.535235456480649407e-01,-9.337116269924843337e-01
7.596486316311064080e-01,2.795846483399684335e-01,-8.062331352364515702e-01
6.837085341484511192e-01,2.329527673683564615e-01,-7.156257336765906585e-01
7.241877417098542269e-01,6.293898369986570263e-01,-9.630213886181790972e-01
7.663258989508684449e-01,7.377233733152246398e-01,-1.057480502571426895e+00
1.854182318476029767e-01,1.506254066153482896e-01,-2.409308982038600444e-01
6.498254887183452233e-01,5.557028242444044253e-01,-8.592809001273343794e-01
8.877514534682524605e-01,1.099599149742586102e-01,-8.260419460130017377e-01
2.114612449810426842e-02,5.989380093198681809e-01,-3.391925056598183441e-01
4.627250745379725139e-01,4.167633698432242628e-01,-6.231578979951755137e-01
9.920105237772839368e-01,2.267690894968218407e-01,-9.787223562953063505e-01
6.823489132245175171e-01,5.490540280077671476e-02,-6.190504847726320259e-01
8.967695509371026441e-01,6.425623145038317219e-01,-1.119210793823698369e+00
6.437635869415581080e-02,4.872457650487932446e-01,-3.167022847802665186e-01
1.835807304527253825e-01,3.170958170080047100e-01,-3.285403488476368872e-01
7.865091669864732182e-01,3.149585246381153558e-01,-8.483977006430907242e-01
4.547505025558904457e-01,7.154603311572893531e-02,-4.312944295105893833e-01
1.293769634152338588e-01,5.402403420645507381e-01,-4.012658767117726066e-01
7.537007278575863500e-01,3.910378936633772673e-01,-8.608117058216046003e-01
6.023123424155192307e-01,9.309869501943519587e-01,-1.019306543243224894e+00
8.991446137483781742e-01,3.639966410749144732e-01,-9.720035848963188840e-01
1.581537675694377754e-02,4.493816870622536763e-01,-2.544516422603486094e-01
1.045906198886629168e-01,9.055104296396321306e-02,-1.388974192809545594e-01
6.414009708086310102e-02,9.800600560508204717e-01,-5.805552069434261053e-01
5.174186354442348312e-01,7.388739296248018062e-01,-8.430112331191088604e-01
5.312158252078269527e-01,8.940583187478701177e-02,-5.069391876225771698e-01
7.445025128356873578e-01,2.754937477150525282e-01,-7.909531062842336535e-01
5.803662213031908212e-01,8.434480687831211743e-01,-9.534378515493191486e-01
3.282408590036615115e-01,1.797337966408347754e-01,-3.799434920480034283e-01
2.236689285660568016e-01,5.802648988261822627e-01,-5.041911942576566830e-01
8.926592119704285233e-01,4.131726812364677759e-02,-7.935031077396654808e-01
5.536810227026371933e-01,1.404791115299763860e-02,-4.859739425950523883e-01
3.559480723886609965e-02,1.830789675895864166e-01,-1.288545656854552524e-01
5.805112937199622403e-01,8.072362958545336031e-01,-9.341604157607867887e-01
6.037056638811744147e-02,2.643316442347927175e-01,-1.938001641670729081e-01
7.996439963184089894e-01,5.832225694850994291e-01,-1.003487555422510003e+00
6.904073453468886346e-01,7.499791039788477054e-01,-9.984445581900713851e-01
9.756353356838787239e-01,8.664460193635126206e-01,-1.307320451302591557e+00
3.707759775356982423e-01,5.599146138537403061e-02,-3.503959933977222607e-01
1.401058799185908033e-01,8.377989134532748405e-01,-5.699731683321396236e-01
2.589018398153953848e-01,6.773882398358792578e-01,-5.866767607247493910e-01
1.574694634254751868e-01,9.788760523993681462e-01,-6.605685762310048448e-01
8.760409837763230012e-01,1.134321763905947744e-01,-8.177831827637851436e-01
9.136031742989056958e-01,2.235477576697740831e-01,-9.092429578437059012e-01
8.012993274983281067e-01,8.741475432026727388e-01,-1.160799801811757126e+00
8.255754379616886407e-02,3.575424736517716084e-01,-2.629160970305151057e-01
9.060895171289712335e-01,8.483145794279669527e-01,-1.237509426040143357e+00
4.060132046004620854e-01,4.038643440247032812e-01,-5.672405486683025355e-01
1.613590124416530713e-01,8.639655283540007558e-01,-6.023588797185210897e-01
1.723105144592375071e-01,6.252636687726726983e-01,-4.839223563029984021e-01
5.284352861715720939e-01,4.661837884130647369e-01,-7.064195892861885318e-01
5.206075774402790790e-01,5.410159410335617647e-01,-7.397516674651046786e-01
4.073941024500089547e-01,5.351209244947858767e-01,-6.387629992312754412e-01
1.975401856955053548e-01,6.231359040090628243e-01,-5.045837334248099992e-01
6.762552763101119524e-01,1.774663490517558451e-02,-5.938746415253350897e-01
8.403510698374424548e-01,2.382251473906628059e-01,-8.538087058217158631e-01
3.366449290657713700e-02,8.632658069528166278e-01,-4.916405655684620846e-01
4.532296219841249751e-01,8.831668592165609066e-01,-8.648584752339734116e-01
9.936358605044683934e-01,4.103656743487680281e-01,-1.078500568665380577e+00
4.915586444896432594e-01,4.954619589733650908e-01,-6.902414147864983640e-01
8.350034326560920039e-01,4.149271332273455348e-01,-9.438672050541957459e-01
1.244314119916404282e-01,6.764272216275294403e-01,-4.699632418007508305e-01
8.416053697911748399e-01,5.649080777957271593e-02,-7.575166633579929476e-01
6.109295839627775226e-01,9.184953787044791707e-02,-5.771308172540248194e-01
6.787881549572624129e-01,8.685848020854303186e-01,-1.051954844820260693e+00
9.067763599738749569e-01,5.749659443854675533e-01,-1.091638757622151124e+00
7.855523605187028080e-01,2.077366439347035909e-01,-7.901198584149877746e-01
2.102836051322909405e-02,7.248782482692535112e-01,-4.065713592200100313e-01
4.457306677291378305e-01,4.463765677469050397e-01,-6.243398736071018584e-01
3.505976019184198211e-02,9.084304609493266680e-01,-5.170461239372864393e-01
4.459312190598185843e-01,4.014436730787231955e-01,-6.004374741095408474e-01
2.249166383801275426e-01,2.714437995487637423e-01,-3.397985188305372439e-01
2.952169890541300745e-01,8.375536500298251807e-01,-7.038763703184959253e-01
9.691946556052047912e-01,5.141783544279258100e-01,-1.113004780927657089e+00
3.141399334992633907e-02,9.100972214704738938e-01,-5.147888183335367351e-01
5.858006386791653197e-01,5.298569693262725755e-01,-7.901071583992522740e-01
7.539975843106994091e-02,5.633882658139288679e-02,-9.534160670709376784e-02
2.791018464095799123e-01,3.848521560801531072e-01,-4.473868934266225228e-01
4.756492850978187859e-01,1.418455850818084452e-01,-4.870210109546103117e-01
5.575497674409191085e-02,4.314071551255593828e-02,-7.129441689492135859e-02
7.213858736969306351e-01,5.459008575383493822e-01,-9.158656261607676097e-01
7.908998354766300087e-01,6.058767119922452427e-01,-1.008069970583581387e+00
4.842430355836537803e-01,9.618350626910794343e-01,-9.338093575264980739e-01
2.892336795179289988e-01,1.162270300803920353e-01,-3.122087553618179134e-01
3.895254930438601937e-01,1.224452848831466545e-01,-4.022047527582697790e-01
7.352889214505294868e-01,3.460987768614230964e-01,-8.208226611164782804e-01
3.021202356886364404e-01,6.803214284190994832e-02,-2.975207636965306324e-01
7.292718345005861913e-01,3.144376402088167044e-01,-7.986586771829238263e-01
4.691240024452137947e-01,5.172299429278900407e-01,-6.825187941248607171e-01
6.455180801105387944e-01,6.978887644441529314e-01,-9.317440813449462400e-01
3.220210236486021893e-01,1.713217080943238990e-01,-3.700614880164305731e-01
6.049863666284663877e-01,1.184898774206818439e-01,-5.862694463084465735e-01
6.408964285962998053e-01,6.485459140256004673e-01,-9.013118011639381644e-01
2.227928554045667253e-01,4.546000245019691244e-01,-4.361010904835890267e-01
3.298896701319703473e-01,5.750288240222001246e-02,-3.158751572538697761e-01
9.589793359760714342e-01,4.231146842655978402e-01,-1.055384276679610434e+00
7.034758255101312141e-01,9.393967722740588222e-01,-1.111230041473584285e+00
1.089326635492767759e-01,9.283746748380538039e-01,-5.915675805965976419e-01
7.028985495365197567e-01,2.996132608752866133e-02,-6.234424374109099887e-01
9.710571361678226321e-01,5.186309491766153412e-01,-1.116999952873375612e+00
6.350159185057430156e-01,9.302430781766398704e-01,-1.047167781225647243e+00
2.119781618400118361e-01,4.192596029917379230e-01,-4.078199840769407558e-01
8.076018301595498938e-01,1.426955433622778546e-02,-7.055107603320445175e-01
5.026515659104492384e-01,5.780537538969697797e-01,-7.440809180871343909e-01
3.384195097436860644e-01,9.098710071498484764e-01,-7.799572282582774019e-01
7.258082977118804902e-01,1.258253894705834153e-01,-6.946045724116373110e-01
5.156098842926110093e-01,9.010012086426263389e-01,-9.283184143265287291e-01
3.018990625844775177e-02,7.171741479609282655e-01,-4.103600652453867625e-01
6.669040218469840520e-01,8.247712243735537685e-01,-1.018209573670837864e+00
9.594805839286181248e-01,8.261032650028287128e-01,-1.271744570745879210e+00
5.411301906544613294e-01,7.082995763630695052e-03,-4.713966139250811982e-01
2.760830361366922725e-01,5.317206508584892966e-01,-5.234725592857049081e-01
3.346115524865694857e-01,4.812358235445768351e-01,-5.469977167673545360e-01
3.057052952187488959e-02,2.666269907266320960e-01,-1.692792352507308251e-01
7.135213112280496262e-01,5.180014061961422112e-01,-8.941207674303951469e-01
6.070723831055763187e-01,9.849314500324437560e-01,-1.052324039118553323e+00
9.165647970047318127e-01,1.882415729270069393e-01,-8.928845869514506761e-01
5.766992724371522439e-01,3.979264744458107517e-01,-7.115522032221812676e-01
9.989139139099736386e-01,6.993361197485354896e-01,-1.237896017163554907e+00
4.758880089570955985e-01,6.788285396936928340e-01,-7.749505913634662235e-01
5.551213953367073461e-01,7.795998843328018069e-01,-8.974125036433906466e-01
3.056654442347377376e-01,1.540703817377178098e-01,-3.466847919690627111e-01
9.506560205479041015e-01,5.128740313088011593e-01,-1.096286299536059605e+00
6.374049912070440804e-01,9.212055145813491386e-02,-6.001539602299611476e-01
1.063844300966144685e-01,5.196974253825029644e-01,-3.703903737204028990e-01
1.103094835128062279e-01,6.205165280805391426e-02,-1.285688152769992598e-01
1.184589104797526549e-01,5.737387103644433495e-01,-4.097802824007568123e-01
7.246590577875019479e-01,6.571779455373225609e-01,-9.783179358901701317e-01
4.126849671359700267e-01,5.174555018201072443e-01,-6.338695504643485634e-01
7.823374121355231026e-02,3.306079757299017485e-01,-2.447479159799195170e-01
9.425835509444180360e-02,2.782895931983170312e-01,-2.305621539825099264e-01
6.033553750755071832e-02,8.665750604090202147e-01,-5.164606959127725494e-01
7.293180632782657602e-01,1.410773263724507398e-02,-6.377774822022271861e-01
6.248619478720265352e-01,4.957263816033421477e-01,-8.055731520277684687e-01
3.897321129921887950e-01,4.527364283296797520e-02,-3.610336065039476683e-01
5.179810374223901004e-01,8.884983088712309351e-01,-9.236681393176496835e-01
3.628853412229299247e-01,2.092879534473878200e-01,-4.257160313897382364e-01
5.168681710696099163e-02,5.167666430644271003e-01,-3.215547143544839059e-01
9.472195545066797173e-02,8.962237687894618610e-01,-5.620608988535955586e-01
3.839507261554242490e-01,8.948409732447824005e-01,-8.112483535184418226e-01
8.345041972244849893e-01,5.560255250290135898e-03,-7.240910654141420322e-01
9.351502422369343259e-01,8.849038194601211993e-01,-1.282226429106263943e+00
4.871160002277036272e-01,8.899169870519562098e-01,-8.977571906160359827e-01
5.124767715373547139e-01,9.691241498937662735e-01,-9.621122937166133315e-01
8.661584494199823236e-01,6.903686788673525365e-01,-1.118374474450115175e+00
4.983100204322642446e-01,2.182685624515799949e-01,-5.475511517032920494e-01
9.013667492060422060e-01,3.977327445672684814e-02,-8.002001708443341466e-01
8.874403978835175844e-01,7.662961873240525801e-01,-1.177447698368125906e+00
7.218544959960725427e-01,2.827527328998953315e-01,-7.752719711570268402e-01
9.635356316067174021e-01,9.454417273675859157e-01,-1.339191906359857631e+00
1.095193180494191676e-01,3.998791462044695155e-01,-3.088989127229773701e-01
8.838408701216656782e-01,5.099500562400995918e-01,-1.036983280669095286e+00
8.330945724330707236e-02,4.272742274909216986e-01,-3.009291306501222785e-01
3.502078653153417598e-02,9.577171649992290980e-01,-5.434209804671223942e-01
9.540990639968861542e-01,6.353961950735208530e-01,-1.164910663648473621e+00
4.928015001087947544e-01,7.524407353888251659e-01,-8.290083654515285616e-01
5.922985642433499232e-01,9.088421594427494865e-01,-9.987879351815712736e-01
7.854030791973564130e-01,5.312514980894590400e-01,-9.633348359590248045e-01
7.008232000368687098e-01,6.548440741609040661e-01,-9.564703712539324165e-01
2.214668243207856824e-01,4.525353350859717683e-02,-2.156214237952091550e-01
4.360036375306497458e-01,6.274935743195587667e-01,-7.129796840392890189e-01
7.436568454617490387e-01,7.438573356212927479e-01,-1.041178385596639000e+00
5.055905078649000073e-01,2.208143305219562036e-01,-5.552064264289826578e-01
6.699388976387818939e-01,4.403294657424463576e-01,-8.148425726227107591e-01
6.043770062510196439e-01,7.596271769149390840e-01,-9.292735963126989018e-01
6.973565642403204423e-01,2.798203250175923529e-01,-7.525315905212077716e-01
9.704497690927541553e-01,9.232031132962247311e-01,-1.333250777537704934e+00
7.982301235114327431e-01,2.588449032516995096e-01,-8.284595177834624957e-01
3.607405027068978365e-01,3.151113974867318923e-01,-4.805643772841861616e-01
7.762638758209350343e-01,8.551098856600992670e-01,-1.128965511916289577e+00
8.441178051095569179e-01,1.753824181762360102e-01,-8.233915669212705790e-01
3.740547377629448444e-01,8.067548310780758847e-01,-7.554991926927003831e-01
2.140946111835845267e-01,1.719054948579396003e-01,-2.771129137058720993e-01
5.037508396798308086e-01,7.451448583962393402e-01,-8.345606719507026039e-01
9.676255179022336117e-01,6.696543966756214328e-01,-1.194955187305454469e+00
8.795982242237532223e-02,6.780736145706317552e-01,-4.393295717304772086e-01
2.760465797371551844e-01,4.213193397572938537e-01,-4.642864248429678931e-01
8.702954696112540356e-01,8.675720958944865835e-03,-7.566883330502015559e-01
9.481535438084842671e-02,7.030173259247116668e-01,-4.586187784070901996e-01
9.184664569064916462e-01,5.830431831778180030e-01,-1.106068306923285949e+00
4.434718168930246174e-01,3.854092078885903438e-01,-5.897207552397880637e-01
9.488696352391225997e-01,7.563370364490648035e-01,-1.225193675151748263e+00
4.559757041626814056e-01,1.380585278504800062e-01,-4.679915149600413771e-01
6.478221741098023623e-01,7.618636622575596373e-01,-9.680137779114701413e-01
1.017129394604029402e-01,5.396656708556824000e-02,-1.168082625123783164e-01
2.753938503962267692e-01,2.926409349830761952e-01,-3.947746233984561481e-01
6.162068078871905108e-01,4.344205073258678995e-01,-7.652454910705501767e-01
5.952687520279321687e-01,1.849281710654114841e-01,-6.134708669624533428e-01
8.240980705754736846e-01,3.957175327119288877e-02,-7.333227792499297237e-01
3.311033738303859053e-01,7.183427723265765064e-01,-6.710115886032964605e-01
9.299225779327613406e-02,8.999358058446947917e-01,-5.625551960083023939e-01
8.119432020417416407e-02,6.831213586971756069e-01,-4.361880205693434709e-01
7.023567704965076874e-01,6.474127482786948828e-01,-9.538137474902298463e-01
7.571619186467192231e-01,1.383391238931955813e-01,-7.284029058706729121e-01
3.417762358998270855e-01,3.724941938692294396e-02,-3.152944762255474043e-01
3.620073380751350767e-01,4.898831779149630528e-01,-5.753043426021623441e-01
3.959926401250177808e-01,8.689605022563399173e-01,-8.077868790909825680e-01
8.292440081571106347e-01,4.585393213940125445e-02,-7.411355700434899552e-01
7.002175069637103233e-01,2.375055791662910032e-01,-7.323309308373184834e-01
3.448070023767031422e-01,3.402344875131984026e-01,-4.802572381939598789e-01
6.565931757217123854e-01,3.741673094351968265e-01,-7.678596191239551727e-01
5.634167459540202483e-01,9.568103550374716937e-01,-9.995326356311305949e-01
6.856055878112012891e-01,8.060035538913961073e-01,-1.024313980175920236e+00
8.353978102048507104e-01,3.367636627016812323e-02,-7.399282764127719236e-01
4.353265420969825161e-01,7.774579570038276932e-01,-7.927476944837676953e-01
3.762132807899495335e-01,8.364755564004142663e-01,-7.732892308254888381e-01
9.482636735690687102e-01,2.209190471157862490e-01,-9.377852883992300326e-01
4.984598433350091451e-01,5.115243680521601721e-01,-7.048113519190402076e-01
1.416175632350702429e-02,9.061588492697780772e-01,-4.977705773660324740e-01
7.180182931432539384e-01,2.657161552277561567e-01,-7.628285847495094307e-01
6.906283781045955417e-01,3.309065508683107781e-01,-7.740903745160487848e-01
9.056743886867729687e-01,4.374485537323609119e-01,-1.017002699735355620e+00
4.543536328850330541e-01,2.796418439769687847e-02,-4.075996966671945332e-01
4.796021903905471895e-01,4.688170080187775701e-01,-6.656328500940345005e-01
4.154207778342954294e-01,6.608038408669059116e-01,-7.130417488705331763e-01
7.700162471256549734e-01,5.669285028505924862e-01,-9.691550252182483671e-01
9.486733274754639567e-01,2.316578950147807348e-01,-9.438933097864756760e-01
3.108426529403385263e-02,2.286046857535474208e-01,-1.493502593948912993e-01
3.168174510770294106e-02,8.596820300621528244e-01,-4.880069935663699510e-01
2.854104237435649560e-01,6.489465109765146789e-02,-2.814003665340552018e-01
